{
    "Fold 0": {
        "Results": {
            "model_from_epoch": "24 with mae 1.2293729782104492",
            "val_mae": [
                2.3800394535064697,
                2.292285203933716,
                2.1779592037200928,
                2.070816993713379,
                2.067295551300049,
                1.950986385345459,
                1.8062888383865356,
                1.7588828802108765,
                1.6864789724349976,
                1.6171197891235352,
                1.615767478942871,
                1.5873980522155762,
                1.7554736137390137,
                1.5397717952728271,
                1.6430442333221436,
                1.5588479042053223,
                1.512057900428772,
                1.5176769495010376,
                1.4303655624389648,
                1.3506641387939453,
                1.2548030614852905,
                1.32734215259552,
                1.2860586643218994,
                1.2293729782104492,
                1.3195778131484985
            ],
            "val_loss": [
                2.063067077171235,
                2.00067599827335,
                1.9003457639898573,
                1.7976904894624437,
                1.7931098937988281,
                1.692703603988602,
                1.5600303241184779,
                1.5090606680938177,
                1.442801222914741,
                1.374280795454979,
                1.3768805009978158,
                1.3472275521074022,
                1.5250290866409029,
                1.3030030883493877,
                1.406309805455662,
                1.3288288293849855,
                1.2851468118883314,
                1.2798803647359211,
                1.1988534742877597,
                1.1250096190543402,
                1.0250841762338365,
                1.1033565174965632,
                1.0671702325344086,
                1.0089193795408522,
                1.1010572740009852
            ],
            "train_loss": [
                2.349090559206095,
                2.2503601153751456,
                2.16038102970784,
                2.041200652449246,
                1.9769697954137642,
                1.9451038478368736,
                1.8557723139423923,
                1.8260380630213093,
                1.7496254849864776,
                1.6859317820474327,
                1.6943622455898537,
                1.618862179388483,
                1.6390230462224369,
                1.595326023468052,
                1.5852222812463002,
                1.5691028585635036,
                1.5608515182891525,
                1.5362128162060875,
                1.4841265969247703,
                1.3662349837102803,
                1.4460254448005951,
                1.354415300919349,
                1.340548405625734,
                1.2817624082048256,
                1.2482146585741676
            ]
        },
        "Best Mae": 1.2293729782104492
    },
    "Fold 1": {
        "Results": {
            "model_from_epoch": "25 with mae 1.4788836240768433",
            "val_mae": [
                2.8801815509796143,
                2.797149181365967,
                2.6785166263580322,
                2.5307493209838867,
                2.5006263256073,
                2.36128306388855,
                2.196324348449707,
                2.1450538635253906,
                2.0585267543792725,
                2.05950927734375,
                1.9149391651153564,
                2.04243803024292,
                1.9825221300125122,
                1.862898349761963,
                1.8664255142211914,
                1.8928064107894897,
                1.9109139442443848,
                1.7954339981079102,
                1.7416239976882935,
                1.949991226196289,
                1.6528544425964355,
                1.523577094078064,
                1.6577768325805664,
                1.5978409051895142,
                1.4788836240768433
            ],
            "val_loss": [
                2.5519870093890598,
                2.489207284791129,
                2.38137919987951,
                2.2382949945472537,
                2.208179981935592,
                2.0936454364231656,
                1.9345059714147024,
                1.883134119567417,
                1.7995268120652153,
                1.8067256921813601,
                1.664988331141926,
                1.7929313679536183,
                1.7342681487401326,
                1.6126661470958166,
                1.6173342210905892,
                1.643852492883092,
                1.6693186220668612,
                1.5546220917077291,
                1.5027511013405663,
                1.713845900126866,
                1.413445071095512,
                1.290778602162997,
                1.423035449215344,
                1.3658277654931659,
                1.2473181635141373
            ],
            "train_loss": [
                2.21997339969658,
                2.1309562277003944,
                2.0631081869444214,
                1.974003915147609,
                1.89738708402378,
                1.8418012853846493,
                1.7549650451864105,
                1.698284556438406,
                1.6339128214461975,
                1.575963037290487,
                1.5286099176449948,
                1.5725301378462688,
                1.5086468046149575,
                1.4978957202240646,
                1.4900704331426735,
                1.4734764125153244,
                1.4663307779883763,
                1.467010277312204,
                1.4216560756406151,
                1.4175123907176845,
                1.305687286498317,
                1.2821073135338634,
                1.262091034911124,
                1.279830673103591,
                1.1550208773598614
            ]
        },
        "Best Mae": 1.4788836240768433
    },
    "Fold 2": {
        "Results": {
            "model_from_epoch": "24 with mae 1.7431524991989136",
            "val_mae": [
                2.860459804534912,
                2.785916328430176,
                2.6658194065093994,
                2.561506986618042,
                2.557246446609497,
                2.484746217727661,
                2.3321495056152344,
                2.340052604675293,
                2.3003242015838623,
                2.1396384239196777,
                2.2022645473480225,
                2.1597492694854736,
                2.086996078491211,
                2.272372007369995,
                2.1471922397613525,
                2.1103131771087646,
                2.1151821613311768,
                1.9954463243484497,
                1.9871249198913574,
                1.9568159580230713,
                2.0217225551605225,
                1.752649188041687,
                1.8289624452590942,
                1.7431524991989136,
                1.7956832647323608
            ],
            "val_loss": [
                2.53632101274672,
                2.4764588418461027,
                2.369842923822857,
                2.275590886672338,
                2.269191997391837,
                2.2148743754341487,
                2.0637207329273224,
                2.0763435746942247,
                2.03597368370919,
                1.8752157503650302,
                1.9438607153438388,
                1.900347540775935,
                1.8282729309229624,
                2.017151205312638,
                1.8919604931558882,
                1.8566049536069233,
                1.8650178852535428,
                1.7455676708902632,
                1.7414110203584034,
                1.7095227482773008,
                1.7795335465953463,
                1.5166489708991278,
                1.5927182535330455,
                1.504839871610914,
                1.5567165187426977
            ],