{
    "Fold 0": {
        "Results": {
            "model_from_epoch": "23 with mae 0.9682469367980957",
            "val_mae": [
                1.8083438873291016,
                1.6849792003631592,
                1.5050005912780762,
                1.1521875858306885,
                1.3869763612747192,
                1.2680212259292603,
                2.1203126907348633,
                1.5122485160827637,
                1.5064949989318848,
                1.3930699825286865,
                2.4762027263641357,
                2.0647969245910645,
                3.122776985168457,
                1.3124876022338867,
                1.23247492313385,
                1.1428728103637695,
                1.2629141807556152,
                1.1438933610916138,
                1.1136504411697388,
                1.0692451000213623,
                1.1952073574066162,
                1.1039443016052246,
                0.9682469367980957,
                0.9891301989555359,
                1.0857473611831665
            ],
            "val_loss": [
                1.557862672067824,
                1.4415148070880346,
                1.3001227208546229,
                0.9301902921426863,
                1.17615160487947,
                1.0631161445663089,
                1.9133651519105548,
                1.3097761415299916,
                1.3015699429171426,
                1.1911948309058236,
                2.2757815292903354,
                1.8570299794276555,
                2.9452296254180728,
                1.123929684360822,
                1.045576607187589,
                0.942059264296577,
                1.0606415285950614,
                0.939225775145349,
                0.9221578066547712,
                0.8838213951814742,
                1.009231761807487,
                0.9101348544160525,
                0.779233825703462,
                0.8065666726657322,
                0.8992388997049559
            ],
            "train_loss": [
                2.1338525082332542,
                1.8384220125265869,
                1.7054074483822628,
                1.5279575148260738,
                1.373992595911385,
                1.2474322223878769,
                1.1097139963004963,
                1.0653811950146792,
                0.9079377887748092,
                0.9047402752989746,
                1.3162889375564564,
                1.2790854598384305,
                1.208344826654318,
                1.2784230561410805,
                1.0569332082677318,
                1.0532782703458545,
                0.9050111535891711,
                0.9127038771129516,
                0.7509324378277882,
                0.7689076503626553,
                0.6959842558815537,
                0.7461714752197984,
                0.6494785953672176,
                0.6527687909911914,
                0.5858267159706139
            ]
        },
        "Best Mae": 0.9682469367980957
    },
    "Fold 1": {
        "Results": {
            "model_from_epoch": "24 with mae 0.9842150211334229",
            "val_mae": [
                2.256422519683838,
                2.3110053539276123,
                1.8577648401260376,
                1.7126721143722534,
                1.6645009517669678,
                1.5713329315185547,
                1.6238476037979126,
                1.370368480682373,
                1.274384617805481,
                1.7035003900527954,
                1.7760331630706787,
                1.5457886457443237,
                1.787957787513733,
                1.8459103107452393,
                2.0322561264038086,
                2.536220073699951,
                1.0591508150100708,
                1.940930724143982,
                1.719909429550171,
                1.72970449924469,
                1.5035488605499268,
                1.9805828332901,
                1.298802137374878,
                0.9842150211334229,
                1.0131181478500366
            ],
            "val_loss": [
                2.0202587999048687,
                2.05974249896549,
                1.6283333230586279,
                1.4938353143987202,
                1.4335786749919255,
                1.3619435379902523,
                1.4102618857508613,
                1.1649442371867953,
                1.066587087653932,
                1.4937935769557953,
                1.5592734522762752,
                1.3370204135065986,
                1.5760045321214766,
                1.629889535762015,
                1.8003407163279397,
                2.3133905004887354,
                0.8633529181991305,
                1.7376255024047125,
                1.51421223793711,
                1.515414202497119,
                1.3063168199289412,
                1.7702553910868508,
                1.107522733154751,
                0.7885221278383618,
                0.8268315834658486
            ],
            "train_loss": [
                1.9868960826691375,
                1.7607743477964977,
                1.5900454105562474,
                1.3756668543869472,
                1.2740630846784775,
                1.1526735006236886,
                1.0125195384474404,
                0.9828790709914932,
                1.0154626800802098,
                0.9185767628880869,
                1.0529948651162258,
                1.1810274714357163,
                1.0865363102540913,
                1.0654233738510723,
                1.0234202244375126,
                1.0441706165761115,
                0.9230905283377113,
                0.9016890125685787,
                0.8768321739352611,
                0.7686595328556127,
                0.7556611509567284,
                0.7453537580209324,
                0.6961624335542501,
                0.6333469897957451,
                0.7030913839116693
            ]
        },
        "Best Mae": 0.9842150211334229
    },
    "Fold 2": {
        "Results": {
            "model_from_epoch": "22 with mae 1.1982290744781494",
            "val_mae": [
                2.423445224761963,
                2.234506607055664,
                2.239107370376587,
                1.7527588605880737,
                1.8718541860580444,
                1.6031826734542847,
                1.6444848775863647,
                1.597672462463379,
                1.481133222579956,
                1.4157845973968506,
                1.695535659790039,
                1.9542310237884521,
                2.444425106048584,
                1.94678795337677,
                1.5336376428604126,
                1.817010521888733,
                1.4712733030319214,
                1.4665265083312988,
                1.4379364252090454,
                1.6400094032287598,
                1.348326325416565,
                1.1982290744781494,
                1.265007495880127,
                1.348179578781128,
                1.377571702003479
            ],
            "val_loss": [
                2.1398938298225403,
                2.0023796473230635,
                2.015413619223095,
                1.523910281913621,
                1.631344002627191,
                1.383913903718903,
                1.4224105448949904,
                1.367587046963828,
                1.26028159118834,
                1.1994295886584692,
                1.4675137074220748,
                1.7176558659190224,
                2.278528046040308,
                1.7228807367029644,
                1.3279068611917042,
                1.5986310690641403,
                1.2608899169024967,
                1.256176070798011,
                1.2261705760444914,
                1.4347716796965826,
                1.1487282344273158,
                1.0004731225115913,
                1.06723724092756,
                1.143784884186018,
                1.1773607219968523
            ],