{"loss": [0.8986369967460632, 0.8195573091506958, 0.7878223657608032, 0.7423586249351501, 0.7189621925354004, 0.7175561785697937, 0.6866692900657654, 0.6619765162467957, 0.6600194573402405, 0.6466062664985657, 0.6323065757751465, 0.6269665360450745, 0.5732280611991882, 0.674247145652771, 0.5827727317810059, 0.6825899481773376], "output1_loss": [0.4433700144290924, 0.37289199233055115, 0.34427905082702637, 0.3079223334789276, 0.28960728645324707, 0.2885156571865082, 0.2638121545314789, 0.25413942337036133, 0.24650849401950836, 0.23771560192108154, 0.22712258994579315, 0.22649265825748444, 0.24331875145435333, 0.23772044479846954, 0.20319931209087372, 0.22790935635566711], "output1_mae": [0.8008489608764648, 0.7152273654937744, 0.6808320879936218, 0.6269970536231995, 0.6028121709823608, 0.6033079028129578, 0.571476399898529, 0.5570091009140015, 0.5438839197158813, 0.5264941453933716, 0.5194602012634277, 0.5092827081680298, 0.5286879539489746, 0.5219154953956604, 0.4715171158313751, 0.5032451152801514], "output2_loss": [4.552670955657959, 4.466650485992432, 4.4354329109191895, 4.344362735748291, 4.293548583984375, 4.290405750274658, 4.228569507598877, 4.078372478485107, 4.1351094245910645, 4.08890438079834, 4.051839351654053, 4.004739284515381, 3.2990925312042236, 4.365267276763916, 3.795734167098999, 4.5468058586120605], "output2_mae": [5.017393589019775, 4.929309844970703, 4.891655445098877, 4.7994232177734375, 4.74744176864624, 4.741491794586182, 4.67190408706665, 4.521664619445801, 4.576282024383545, 4.527416229248047, 4.487246990203857, 4.432406902313232, 3.7181873321533203, 4.793059825897217, 4.222689151763916, 4.974695205688477], "val_loss": [0.6245203614234924, 0.619314968585968, 0.6167817115783691, 0.5747480392456055, 0.6189292073249817, 0.5644370913505554, 0.8973532319068909, 0.590854287147522, 0.5633825659751892, 0.5897217392921448, 0.5900028347969055, 0.5178446769714355, 0.5287219882011414, 0.5532663464546204, 0.5383983254432678, 0.5714945197105408], "val_output1_loss": [0.133090540766716, 0.16561754047870636, 0.14811304211616516, 0.13930468261241913, 0.16223472356796265, 0.1374625712633133, 0.4303762912750244, 0.15854524075984955, 0.13715490698814392, 0.16481837630271912, 0.1536155492067337, 0.10578372329473495, 0.1082339808344841, 0.14275114238262177, 0.12005200982093811, 0.15117353200912476], "val_output1_mae": [0.2316816747188568, 0.3221210539340973, 0.27630099654197693, 0.3862690329551697, 0.41182056069374084, 0.3756028115749359, 0.8407479524612427, 0.4213121235370636, 0.36062103509902954, 0.40257522463798523, 0.4161921441555023, 0.2524791657924652, 0.27772149443626404, 0.4385140538215637, 0.3447611927986145, 0.38236820697784424], "val_output2_loss": [4.914297580718994, 4.5369744300842285, 4.686686992645264, 4.354433536529541, 4.566944599151611, 4.269745349884033, 4.669768333435059, 4.32309103012085, 4.262277126312256, 4.249034404754639, 4.363873481750488, 4.120609760284424, 4.204880237579346, 4.105151653289795, 4.183463096618652, 4.203209400177002], "val_output2_mae": [5.387887477874756, 4.987123966217041, 5.137811183929443, 4.788999557495117, 5.033202648162842, 4.684238433837891, 5.12503719329834, 4.746750831604004, 4.667760848999023, 4.652128219604492, 4.792052745819092, 4.511879920959473, 4.630156993865967, 4.51339864730835, 4.617527008056641, 4.598496913909912]}