{
    "Fold 0": {
        "Results": {
            "model_from_epoch": "22 with mae 1.2288780212402344",
            "val_mae": [
                1.891690969467163,
                1.72038996219635,
                1.7070616483688354,
                1.3869333267211914,
                1.3866699934005737,
                1.4026634693145752,
                1.4188268184661865,
                1.9502942562103271,
                1.2904853820800781,
                1.5052686929702759,
                1.4760774374008179,
                1.2753000259399414,
                1.4294711351394653,
                1.7171884775161743,
                1.9037292003631592,
                1.694097638130188,
                2.049936532974243,
                1.2525287866592407,
                1.518198013305664,
                1.533267855644226,
                2.275675058364868,
                1.2288780212402344,
                2.242478609085083,
                1.3365983963012695,
                1.506086826324463
            ],
            "val_loss": [
                1.6363378841252554,
                1.4833488648846036,
                1.4867749483812422,
                1.1762137824580783,
                1.1905045473859424,
                1.204450969185148,
                1.2250899310622896,
                1.7451826738459724,
                1.100151035757292,
                1.307569642861684,
                1.2692441667119663,
                1.0734620555525733,
                1.232121582542147,
                1.519288454736982,
                1.6946382863180978,
                1.4709142042057854,
                1.844081699138596,
                1.0566610736506326,
                1.3223880330721538,
                1.3343272528478078,
                2.0693998521282557,
                1.0334785701263518,
                2.039890576686178,
                1.1526942756913958,
                1.3163656390139036
            ],
            "train_loss": [
                2.13598210481276,
                1.8040660157440656,
                1.6689491890460613,
                1.5779058131647397,
                1.3829548846346786,
                1.2331673292420715,
                1.1631248919181076,
                0.948423046573817,
                0.9429878125483372,
                0.9075138348053737,
                1.2577698077243495,
                1.3376469331602734,
                1.2055765061403614,
                1.176327859623784,
                1.0649934016527183,
                1.0292468490191253,
                1.085503973380988,
                0.9147800754486437,
                0.9067935778434018,
                0.765880210908601,
                0.7395259345690888,
                0.7403078455343304,
                0.6865712080420141,
                0.5917762725961855,
                0.596558586705521
            ]
        },
        "Best Mae": 1.2288780212402344
    },
    "Fold 1": {
        "Results": {
            "model_from_epoch": "25 with mae 1.1219252347946167",
            "val_mae": [
                2.473982572555542,
                2.04646897315979,
                2.877490520477295,
                1.9367893934249878,
                1.878159761428833,
                1.388267993927002,
                2.161351203918457,
                1.7287489175796509,
                1.2060626745224,
                1.2577877044677734,
                1.5607094764709473,
                1.8135195970535278,
                1.6694514751434326,
                1.3007293939590454,
                1.8481334447860718,
                1.5216912031173706,
                2.5689761638641357,
                1.3112188577651978,
                2.3151021003723145,
                1.6616777181625366,
                1.7378003597259521,
                1.6939890384674072,
                1.5283203125,
                1.6986215114593506,
                1.1219252347946167
            ],
            "val_loss": [
                2.2033895452817283,
                1.8090735730670748,
                2.616514299597059,
                1.7158198725609553,
                1.6549640184357053,
                1.175287583754176,
                1.9504478715714955,
                1.5064720738501776,
                0.9942555235964912,
                1.0480644773869288,
                1.3410788008144923,
                1.6068234543005626,
                1.4656729059559959,
                1.0994618506658644,
                1.6282541099048795,
                1.319427578222184,
                2.3562923272450766,
                1.1140926686071215,
                2.095668090241296,
                1.4501963719016029,
                1.5145253127529508,
                1.4904285229387737,
                1.324302614444778,
                1.4937524454934257,
                0.9241721296594256
            ],
            "train_loss": [
                2.0010902190423874,
                1.6417696294206452,
                1.5409280304090087,
                1.459947352757655,
                1.3137734098786331,
                1.1982814534511192,
                1.0549760623778923,
                0.9399591812706856,
                0.9335606622408672,
                0.8884382565247725,
                1.1188548252166035,
                1.2333442789154598,
                1.274974369859121,
                1.1213345436087574,
                1.0985999349280293,
                1.1024828792426242,
                0.9889248702001859,
                0.8392458205750908,
                0.8663733825087547,
                0.8190761952470225,
                0.7526136003210243,
                0.733205000858709,
                0.6584176100700735,
                0.6617742360805172,
                0.581355166902025
            ]
        },
        "Best Mae": 1.1219252347946167
    },
    "Fold 2": {
        "Results": {
            "model_from_epoch": "19 with mae 1.270377516746521",
            "val_mae": [
                2.5805156230926514,
                2.2180564403533936,
                1.9969178438186646,
                1.924452543258667,
                1.7431831359863281,
                1.9524091482162476,
                1.6758002042770386,
                1.6606740951538086,
                1.5146209001541138,
                1.487119197845459,
                1.8956247568130493,
                1.6835668087005615,
                1.623324990272522,
                1.6515564918518066,
                1.6980170011520386,
                1.4156770706176758,
                1.6214336156845093,
                1.7643429040908813,
                1.270377516746521,
                1.4280551671981812,
                1.7997877597808838,
                1.6639758348464966,
                1.5954865217208862,
                1.652936577796936,
                1.556422233581543
            ],
            "val_loss": [
                2.324374491260165,
                1.9718658952485948,
                1.7546838167167844,
                1.6917419043325244,
                1.5154665836266108,
                1.725242242217064,
                1.4548543861934118,
                1.4524538360890888,
                1.3030883151860464,
                1.2740835320381891,
                1.6840916233403342,
                1.4696700729074932,
                1.4120210267248607,
                1.4390170233590263,
                1.478875648407709,
                1.2092792221478053,
                1.4028487971850805,
                1.5456158171097438,
                1.059356839883895,
                1.2277643936020988,
                1.583174228668213,
                1.4612927252338046,
                1.3935684469484149,
                1.447606785666375,
                1.352621514172781
            ],