{
    "loss": [
        1.8915941715240479,
        1.8384184837341309,
        1.8532485961914062,
        1.8483772277832031,
        1.8459422588348389,
        1.8527494668960571,
        1.826532244682312,
        1.8449337482452393,
        1.8423594236373901,
        1.8525296449661255,
        1.8444498777389526,
        1.8431673049926758
    ],
    "mae": [
        2.251207113265991,
        2.1833574771881104,
        2.198775291442871,
        2.1937317848205566,
        2.1917693614959717,
        2.198276996612549,
        2.169907569885254,
        2.1876282691955566,
        2.1838715076446533,
        2.1958911418914795,
        2.184359073638916,
        2.1828994750976562
    ],
    "val_loss": [
        1.9720760583877563,
        1.9732290506362915,
        1.9706547260284424,
        1.9715572595596313,
        1.9707705974578857,
        1.9741246700286865,
        1.9719252586364746,
        1.9717692136764526,
        1.9707204103469849,
        1.971056342124939,
        1.972617745399475,
        1.9705413579940796
    ],
    "val_mae": [
        2.297492265701294,
        2.2869081497192383,
        2.2853832244873047,
        2.2924063205718994,
        2.269268035888672,
        2.286076784133911,
        2.25850248336792,
        2.267939567565918,
        2.2674360275268555,
        2.2606120109558105,
        2.283127784729004,
        2.280534505844116
    ]
}